Name,Exp_Mass,Exp_Intensity
,367.24548,55473
,407.156382,14253
,431.21658,38029
,536.198991,31430
,565.345963,197130
,581.277794,35023
,582.805704,16056
,584.294293,81054
,584.315401,14385
,600.335503,35488
,616.177091,127706
,617.325617,15665
,633.3474,6075
,638.309058,4815
,638.435212,19425
,640.372483,102210
,646.151361,15634
,647.387889,26158
,649.283164,32146
,649.819886,18908
,654.357269,17793
,654.812023,16778
,655.331469,91740
,656.883159,37198
,663.817328,26904
,664.31891,18859
,664.414598,19506
,669.347139,39159
,672.357345,11275
,675.867898,58712
,675.89105,48582
,683.26759,52634
,684.383289,24725
,685.352071,10870
,690.309782,25110
,705.399608,6267
,710.3514,9807
,712.407189,9118
,714.914554,40980
,715.416323,33302
,718.30484,19811
,723.488073,12685
,724.416697,14303
,725.40222,109354
,727.378003,13709
,728.393148,10714
,728.430676,29025
,731.368772,7946
,732.433177,104536
,735.372006,14774
,736.315486,11626
,740.836375,39743
,742.373522,105640
,742.412403,4795
,746.38779,6705
,749.84167,281703
,751.519557,13990
,754.421188,17002
,758.420238,21290
,767.441704,39486
,768.415914,95187
,772.421296,39934
,776.430978,77406
,777.368724,9856
,778.433976,39154
,779.094632,85877
,793.457517,174694
,795.378724,5989
,795.436851,13311
,796.352185,22301
,797.378576,25991
,799.410573,47674
,801.499028,16045
,802.424612,5352
,802.962446,9681
,805.432346,12802
,806.383975,124778
,807.95429,14043
,808.456278,10502
,809.394801,32188
,810.483984,9510
,811.104125,11477
,812.45604,9455
,815.789133,12472
,816.124431,14485
,816.416095,47388
,816.459693,18568
,818.453561,8053
,819.352886,13421
,822.556748,17198
,828.434463,9690
,828.963362,12624
,829.47868,83565
,830.336452,57395
,830.437512,18281
,831.373785,70610
,832.448691,6471
,833.431159,16582
,834.931274,7899
,835.446918,6250
,835.446918,8016
,838.434278,8496
,840.8949,37021
,842.481887,17207
,844.96626,17938
,845.127675,60830
,845.462819,70968
,845.470411,163968
,845.966644,12455
,845.966644,10579
,845.966644,14654
,847.410757,14764
,849.900224,36695
,853.47956,73677
,853.980324,43882
,855.436912,30078
,857.433585,13532
,858.467385,5997
,861.477505,6879
,866.481325,13231
,866.510538,14495
,867.50579,35446
,868.288107,11846
,868.45622,18752
,868.810752,28004
,869.145215,22876
,869.479636,22572
,870.380308,17957
,870.484143,9273
,876.239866,10150
,876.550745,10209
,878.384671,4064
,878.416607,18506
,882.009744,4403
,882.413629,22778
,883.489625,19031
,883.639487,19836
,885.718288,8422
,887.91588,29000
,889.421095,3906
,891.419093,72123
,892.924373,9756
,893.467032,17165
,893.479103,35280
,893.844163,9180
,894.028983,6317
,896.024815,21671
,896.471159,5695
,903.148791,4986
,904.52643,50649
,909.473697,20028
,909.518764,41809
,910.442857,16741
,912.494531,15776
,918.03188,71536
,918.533667,43640
,921.55291,567159
,926.251958,5400
,927.002157,16234
,927.456426,17869
,927.505088,93196
,927.524973,10739
,927.53571,21928
,927.601243,47892
,928.037649,9731
,928.453533,24797
,928.487049,8293
,928.487049,9671
,928.524707,10372
,929.015346,9892
,929.508939,9817
,929.723803,8603
,929.919458,10971
,930.029342,12197
,930.141624,12094
,930.426639,57951
,930.478477,22364
,930.488354,36933
,930.498021,14843
,931.161974,8407
,931.512917,27374
,932.262792,38865
,932.428614,19105
,932.457963,22144
,932.464774,70084
,932.51104,18383
,932.594192,62412
,933.528147,126352
,933.541844,21544
,934.268161,4885
,934.459911,12130
,935.535737,8627
,936.493535,22053
,937.506112,9358
,937.953148,9628
,938.509343,10346
,943.421044,22041
,946.060424,32013
,947.564133,6671
,948.23311,13690
,950.311406,14237
,951.049576,14948
,952.412776,15259
,953.496889,41482
,957.293264,23042
,960.056871,11929
,961.838475,12035
,963.012774,11481
,963.963679,6403
,964.48887,28661
,965.012738,5519
,965.054983,8116
,966.574665,66363
,967.523975,65046
,970.530358,73004
,976.391509,20067
,977.143025,13842
,979.864503,34360
,979.924204,6366
,980.850297,16872
,984.738065,3778
,985.863526,16940
,986.438447,31838
,986.521198,17026
,986.985624,11398
,987.487716,10497
,989.64962,13328
,990.528341,13381
,990.715006,15864
,990.777873,12262
,992.531168,7017
,992.809797,16460
,992.953007,9725
,993.518371,12961
,993.817397,6198
,995.475541,15234
,996.13266,19916
,997.225702,8195
,997.579038,9570
,1000.054253,36717
,1000.556555,26065
,1001.524546,15872
,1002.581276,71246
,1003.071461,6895
,1004.058027,32937
,1005.61043,3708
,1006.049069,23625
,1007.541942,6822
,1008.58415,110570
,1009.068382,13067
,1010.588602,11988
,1010.596272,9087
,1011.339085,28548
,1011.510112,22521
,1012.429483,36283
,1012.429483,31222
,1013.982848,3923
,1013.989616,5691
,1014.037639,14544
,1016.074953,95209
,1016.576964,61872
,1017.513993,10667
,1018.844307,13928
,1018.871785,4979
,1019.874147,17137
,1022.543331,17624
,1022.867743,19736
,1024.53306,68902
,1027.522757,19333
,1027.533316,11871
,1027.544109,19574
,1027.951606,9965
,1029.306242,18102
,1033.468053,11513
,1033.544369,22200
,1034.538362,17466
,1035.073664,11002
,1035.572355,20657
,1036.075402,11830
,1036.10076,16641
,1036.248596,10369
,1036.396053,20108
,1036.602002,12792
,1037.158238,8965
,1038.699157,8822
,1041.537821,22645
,1042.591126,28463
,1042.809359,8075
,1043.275122,19077
,1046.583219,12655
,1047.085207,15998
,1049.557589,26293
,1052.827498,25976
,1054.59123,29936
,1057.59957,10888
,1058.601804,9857
,1059.439737,9367
,1062.554919,10298
,1062.596602,12333
,1065.597156,3489
,1065.644019,85090
,1066.564564,10416
,1067.265315,7037
,1068.052327,7610
,1068.602712,14172
,1068.938337,17741
,1069.552018,7671
,1069.581733,17874
,1070.256173,8165
,1070.350143,6485
,1070.928012,7724
,1071.11072,6061
,1071.258899,8490
,1071.359164,10770
,1071.421865,11979
,1071.55727,15868
,1071.708351,11996
,1071.758591,11735
,1071.852686,8229
,1071.995017,9513
,1072.021109,12471
,1072.709801,4327
,1073.240595,6556
,1073.770367,12231
,1074.123262,76333
,1074.561819,17482
,1075.628536,7969
,1076.371567,19755
,1076.669339,7959
,1078.564686,14323
,1078.583034,7437
,1079.074975,8536
,1079.621966,31238
,1082.26949,20050
,1082.571626,14971
,1082.604844,31503
,1083.57281,17261
,1084.380014,12039
,1085.072428,12661
,1085.907527,8914
,1088.744337,54966
,1090.606479,7521
,1092.529157,207721
,1092.573305,16476
,1093.83975,6057
,1094.879479,10430
,1095.451379,11344
,1096.097612,12083
,1096.309805,11912
,1096.571383,11603
,1096.843653,9692
,1097.582201,10713
,1098.03314,7951
,1098.090771,6748
,1099.293776,5915
,1099.524481,10929
,1099.812721,6245
,1099.922092,6080
,1101.292316,10123
,1101.523839,4494
,1101.587759,10384
,1101.626097,17055
,1101.920968,3706
,1101.978507,14293
,1102.180843,16078
,1102.881079,9139
,1103.091219,4845
,1103.272825,6364
,1105.284289,14718
,1106.852502,5275
,1111.605267,25564
,1111.92653,14249
,1113.107488,4547
,1113.255086,22507
,1113.589513,24170
,1113.756417,27832
,1113.924216,28938
,1114.090514,33616
,1114.425488,24309
,1114.497681,26912
,1115.220169,23788
,1115.263412,7351
,1115.587297,10277
,1117.283021,4673
,1117.72454,11379
,1117.882951,8520
,1117.893513,9354
,1118.188877,6485
,1118.425341,12785
,1118.463549,3662
,1118.592707,7423
,1118.990643,4328
,1119.90403,6571
,1120.257494,6167
,1120.594388,11835
,1121.345421,15219
,1121.401667,8294
,1122.925706,6029
,1123.015467,4020
,1124.61445,31164
,1125.114824,13293
,1125.597335,19665
,1126.224759,13199
,1126.516205,5705
,1127.594854,11552
,1127.7656,6825
,1127.873951,11984
,1127.959944,13898
,1128.12084,14462
,1128.269585,5401
,1128.617389,17524
,1128.617389,22940
,1128.673887,12770
,1129.308037,19380
,1129.45175,26884
,1129.531319,12866
,1129.59614,31847
,1129.73949,62751
,1129.817713,30220
,1129.960757,18863
,1130.460031,18122
,1131.601528,46879
,1131.637422,72184
,1132.265206,7259
,1133.14156,12098
,1133.178569,20333
,1133.317344,24563
,1133.579398,6770
,1134.104386,14931
,1134.245577,18098
,1134.388621,16892
,1134.459582,5191
,1134.459582,10847
,1134.533035,12804
,1134.679728,12308
,1135.099657,10866
,1135.26719,9162
,1135.601703,20803
,1136.321645,6703
,1136.584727,8091
,1136.872387,14484
,1137.615354,7663
,1138.597614,8640
,1140.619404,34839
,1145.766457,6244
,1146.17256,11100
,1147.222034,57989
,1147.288921,22422
,1147.293694,21505
,1148.270814,8621
,1148.454229,7334
,1148.597706,15432
,1149.622726,12132
,1150.089924,12194
,1150.592028,15581
,1150.773034,11912
,1151.870582,10344
,1151.944608,8986
,1152.277771,9458
,1152.277771,5203
,1152.591178,3936
,1152.597136,7879
,1156.753449,11408
,1156.942424,8138
,1157.276939,7246
,1157.615736,11022
,1159.933512,6183
,1160.604372,13252
,1161.551567,130494
,1161.624764,6365
,1161.624764,24939
,1161.664795,56133
,1162.12841,10265
,1162.281855,14925
,1164.141148,23144
,1165.609017,17732
,1168.141414,49860
,1168.295402,22927
,1168.642549,57139
,1170.466857,4361
,1171.687469,16628
,1171.688161,2556
,1174.791342,6808
,1174.96469,6197
,1176.106729,5052
,1177.258992,9987
,1177.384292,16224
,1177.508478,9870
,1177.62629,10585
,1177.853777,6562
,1178.693297,71230
,1179.189318,9941
,1179.371509,9493
,1179.561239,109751
,1179.795094,7038
,1179.872793,9866
,1180.207921,13082
,1180.264166,8866
,1180.323641,9993
,1180.378753,4701
,1180.623288,47214
,1180.776886,4229
,1182.060004,7451
,1182.618865,11130
,1182.862182,13228
,1183.062497,11137
,1183.19811,4969
,1183.63146,16840
,1185.776737,5594
,1186.78243,8137
,1187.000291,16663
,1187.61937,6632
,1188.463292,8033
,1188.768004,4390
,1188.786001,6000
,1189.607611,8989
,1189.823861,6067
,1189.87861,4136
,1189.946498,8438
,1189.992491,11013
,1190.661604,9860
,1192.268838,8307
,1192.621425,12721
,1192.832497,8465
,1192.867539,9745
,1194.898041,8064
,1195.129521,25444
,1195.30476,13931
,1195.630071,28008
,1195.915217,11647
,1196.331031,6336
,1197.637874,11314
,1201.629977,6205
,1202.060962,4510
,1202.348933,5116
,1202.49003,6513
,1203.62683,8414
,1203.7852,4168
,1204.135034,19960
,1204.332316,4293
,1204.792479,8461
,1205.078748,6901
,1206.658735,6467
,1207.039825,9274
,1207.082207,4739
,1207.235037,14762
,1207.307552,9412
,1207.436854,16609
,1208.138478,7611
,1208.931064,10327
,1208.978292,14645
,1209.403868,11784
,1209.479625,10583
,1209.504945,15350
,1209.624952,12479
,1210.181221,8333
,1210.191403,9883
,1210.261894,9453
,1210.308669,11865
,1210.9786,5740
,1211.280965,6839
,1211.292072,5343
,1211.861876,11288
,1212.401909,15032
,1212.572098,17423
,1212.723687,12928
,1213.324488,23732
,1213.341854,21158
,1213.478231,10755
,1213.478231,16077
,1213.492976,20292
,1213.875788,19185
,1214.029402,22984
,1214.112185,13399
,1214.227613,13866
,1214.265052,13458
,1214.338973,25485
,1215.187435,29132
,1215.547091,57995
,1216.112139,41213
,1216.265745,26669
,1216.310012,12806
,1216.342665,38395
,1216.405646,76599
,1216.803749,44269
,1219.162762,19548
,1219.420566,48429
,1219.497684,55652
,1220.26477,27303
,1220.34239,28408
,1220.573419,29969
,1220.846735,4412
,1221.535575,8855
,1222.189657,9998
,1222.341847,7689
,1222.836785,16329
,1223.652371,17769
,1223.743297,10512
,1223.787256,11286
,1224.313104,12599
,1224.689264,14101
,1224.861285,6101
,1225.237726,6150
,1226.785208,13894
,1227.662763,9639
,1228.707663,61088
,1229.022665,15438
,1229.489947,5453
,1229.634134,5640
,1230.927239,5178
,1231.887779,10803
,1232.116487,11709
,1232.148639,5617
,1232.162038,6080
,1232.27258,6305
,1232.426619,11587
,1232.648689,8508
,1232.673961,12698
,1233.038651,4331
,1234.000103,12746
,1234.507295,14548
,1234.645395,12131
,1235.641665,3190
,1236.64288,12950
,1237.0749,9062
,1237.939743,11359
,1238.656164,21547
,1238.821833,8934
,1238.98759,8603
,1239.485322,7747
,1239.821494,10491
,1239.989678,11553
,1240.324391,17128
,1245.657281,16170
,1247.402047,6215
,1248.340109,3981
,1248.829453,4286
,1249.164222,6103
,1249.650377,6111
,1251.664174,54093
,1251.68228,5238
,1252.639748,9634
,1253.245505,5728
,1253.497133,6234
,1253.658481,11120
,1253.658481,13479
,1253.703659,8111
,1255.594358,30291
,1256.167448,5519
,1257.851127,12936
,1258.325007,7168
,1258.837502,8266
,1259.580463,9417
,1259.684911,26498
,1259.763229,9339
,1259.833274,9803
,1259.999382,10754
,1260.160233,6899
,1260.187018,15258
,1260.335829,4794
,1260.668888,17037
,1260.965511,8301
,1261.032404,5367
,1261.21429,8378
,1261.7644,13451
,1262.012776,5625
,1262.183272,5490
,1262.335892,11111
,1262.654071,5630
,1262.711028,23960
,1263.443553,4150
,1264.1869,4507
,1264.233444,4163
,1265.093786,4983
,1265.435057,6338
,1265.655139,6557
,1266.67508,14277
,1268.182876,8523
,1268.66932,11015
,1269.18005,9963
,1270.661574,8584
,1272.681605,13950
,1273.571077,7770
,1274.655602,5202
,1275.181039,7783
,1275.241342,6622
,1275.255997,8094
,1275.398826,6926
,1275.672564,9868
,1275.672564,7183
,1276.440268,7096
,1277.543335,6078
,1277.601167,5646
,1277.677184,11856
,1278.250762,4295
,1278.671351,9720
,1278.935318,9977
,1279.741336,50570
,1280.178009,10980
,1282.587515,8839
,1282.666046,11942
,1286.685947,2583
,1287.186849,6262
,1290.686185,27895
,1290.85032,5442
,1291.014291,6896
,1291.020493,9328
,1291.191657,5835
,1291.269019,4726
,1292.926114,5732
,1293.339494,6303
,1293.691842,13024
,1293.872682,6856
,1293.954538,4319
,1293.954538,5176
,1294.191936,6146
,1294.565628,11206
,1296.020281,12588
,1296.684833,17603
,1297.189408,10070
,1297.683961,7865
,1298.68949,11684
,1299.197242,5195
,1300.517528,8193
,1301.022406,16084
,1302.529359,6511
,1302.715774,11601
,1302.715774,24330
,1302.838665,16209
,1303.196062,15483
,1304.682678,7386
,1304.701124,6195
,1304.701124,11730
,1304.869089,9599
,1304.94962,8246
,1304.982796,7229
,1305.03747,11856
,1305.280749,5097
,1305.447786,8360
,1306.420131,11442
,1306.863228,7549
,1307.096695,11554
,1307.296969,11800
,1307.680152,6049
,1307.697148,9335
,1307.782218,7364
,1308.197816,6678
,1308.445253,8160
,1309.134748,7470
,1309.269536,11847
,1309.369057,7457
,1309.793442,4480
,1309.868064,6611
,1309.945607,7577
,1309.955165,5603
,1310.029303,6682
,1311.368545,11247
,1311.95181,4877
,1312.539604,27674
,1313.516084,12712
,1313.558778,8971
,1313.621329,16050
,1313.789696,10647
,1313.873446,11398
,1314.036199,26558
,1314.28805,4078
,1314.28805,14091
,1314.373472,18156
,1314.871978,23903
,1315.121054,12908
,1319.203847,20796
,1319.956318,40532
,1321.040414,31901
,1322.956227,7960
,1324.209979,7589
,1325.708772,16354
,1327.20779,11063
,1328.467675,5595
,1328.706353,30717
,1328.966892,6777
,1329.906844,8638
,1330.108046,13013
,1330.209707,11620
,1330.307177,17153
,1330.462209,4483
,1330.506148,16707
,1331.875343,13368
,1332.282723,6675
,1332.461386,12075
,1332.718482,28695
,1332.904831,13260
,1333.22274,17358
,1333.74829,79767
,1333.876427,5328
,1334.710298,3253
,1334.792339,9094
,1335.708944,16578
,1335.962117,16218
,1336.044791,13519
,1336.104911,10271
,1336.461525,23536
,1336.546007,26056
,1336.795844,19732
,1337.630743,12594
,1337.713712,14040
,1338.380148,17370
,1338.876505,6502
,1339.010008,7055
,1339.045775,9853
,1339.293979,11845
,1339.543954,6789
,1340.132124,7914
,1340.396457,6298
,1341.210164,10874
,1341.711177,38340
,1341.911814,21920
,1342.075862,5859
,1342.113627,12501
,1342.252535,5980
,1342.313608,13286
,1342.514139,17273
,1342.809542,5644
,1343.211673,11445
,1343.517591,4711
,1343.709968,7667
,1344.229391,5249
,1344.314144,7264
,1344.699423,4413
,1345.009022,9449
,1347.014729,7450
,1348.711537,17482
,1350.268567,5783
,1350.719521,28882
,1351.741344,4579
,1353.174646,9748
,1353.219133,9622
,1353.536992,6490
,1353.718054,17937
,1354.080867,7151
,1354.441664,8912
,1355.227651,6782
,1355.732897,8554
,1356.534764,5998
,1356.616579,7214
,1357.722742,16663
,1357.907329,6379
,1358.52072,6104
,1359.175702,4609
,1359.706801,5093
,1360.125801,5511
,1360.719266,5596
,1361.096371,6789
,1361.137272,1741
,1361.597035,5019
,1361.723393,13283
,1362.045107,6090
,1363.21719,13730
,1363.595635,8211
,1363.71766,9981
,1365.921456,5375
,1367.722512,11595
,1369.097473,11629
,1369.222447,8880
,1369.719787,7685
,1369.820252,4413
,1369.99631,4366
,1370.100482,5126
,1372.735117,9200
,1375.727558,14763
,1376.230033,8051
,1376.538117,8333
,1379.338596,6643
,1379.540442,11529
,1379.73054,7515
,1379.843849,6722
,1380.606953,4279
,1380.721091,11625
,1380.933485,5881
,1381.846439,4322
,1382.632452,7805
,1382.932114,4048
,1383.648959,20887
,1384.036084,4738
,1384.100706,4328
,1384.462341,6909
,1385.239786,6998
,1385.440857,6315
,1385.766098,9194
,1385.941531,12231
,1386.542086,6785
,1386.730084,8067
,1386.745319,4815
,1386.915419,7747
,1387.037431,13744
,1387.138043,5858
,1387.465065,10017
,1388.542733,8560
,1388.741674,7123
,1389.03242,9174
,1389.374733,6264
,1391.044749,6633
,1391.432602,13755
,1391.634602,12032
,1394.238095,12566
,1396.745873,6236
,1398.98842,11669
,1399.113113,12437
,1400.559657,5326
,1400.836851,8199
,1401.103635,6304
,1401.755055,23287
,1401.929999,7062
,1401.956677,6793
,1402.477079,7326
,1402.66258,6384
,1402.741452,8106
,1404.250294,5501
,1404.835442,4161
,1405.394895,6061
,1405.394895,4519
,1405.90353,4170
,1406.025062,7807
,1408.905789,5769
,1409.836937,5754
,1410.051739,5238
,1410.354925,5877
,1410.756241,13333
,1411.450673,14484
,1412.648067,4997
,1412.956133,8602
,1412.9773,5936
,1413.119109,4900
,1414.449269,5820
,1414.556038,6741
,1415.757514,14082
,1417.666201,4693
,1418.753132,12816
,1418.837429,9133
,1419.004686,6700
,1419.255775,4442
,1419.755614,18013
,1420.056342,5526
,1422.618265,5015
,1422.763219,6303
,1423.158262,4663
,1423.651982,4144
,1424.261817,5775
,1424.309547,5383
,1425.247569,4657
,1426.132277,4918
,1426.669349,5451
,1426.762976,6257
,1426.854702,5958
,1427.122405,5296
,1427.355117,5495
,1427.417628,4737
,1427.495304,4524
,1427.567899,6244
,1427.869828,8989
,1428.029806,8116
,1428.130214,10659
,1428.157528,9623
,1428.312498,7613
,1428.679685,5925
,1428.760481,23937
,1428.861314,12006
,1430.125086,8953
,1430.219961,6899
,1430.313365,6260
,1430.400859,10922
,1430.766733,5075
,1431.096736,5019
,1431.136317,9007
,1431.238526,5665
,1431.646879,4068
,1431.763841,14045
,1431.859525,5738
,1432.376818,11981
,1432.435708,8401
,1432.492768,5435
,1432.558301,5341
,1432.586898,5187
,1432.676713,5976
,1433.016032,7810
,1433.275187,6677
,1433.403463,9622
,1433.490167,12584
,1433.586226,10272
,1433.858532,12146
,1434.20406,8743
,1434.654404,6217
,1434.676411,10920
,1436.951525,15023
,1438.767717,26207
,1444.220115,6037
,1444.264484,6992
,1444.766601,6324
,1444.766601,17370
,1444.949368,5423
,1445.130403,5608
,1446.832553,272204
,1447.661877,7389
,1447.77365,6939
,1449.768559,14294
,1450.780667,10163
,1452.142277,12327
,1452.415248,8157
,1452.499624,6928
,1452.594162,13582
,1453.77817,13883
,1454.68516,6630
,1455.778334,12112
,1457.047349,10185
,1457.134524,11568
,1457.230099,8478
,1457.41174,9832
,1458.77674,15980
,1458.869149,15539
,1458.959224,8605
,1459.142211,11771
,1459.666833,3936
,1460.778426,6964
,1461.793728,7454
,1462.294399,7528
,1462.536622,5551
,1462.774369,6702
,1463.037305,7796
,1465.782577,4377
,1466.285514,6290
,1469.98646,5149
,1470.782343,7952
,1474.768948,8308
,1474.788446,4284
,1476.288859,5371
,1476.788171,21420
,1476.806758,3913
,1476.869158,5947
,1477.783568,8415
,1478.065367,6342
,1480.132537,7202
,1480.232343,5271
,1480.79704,7260
,1481.458381,7830
,1481.616153,5007
,1481.784152,15641
,1486.293629,7200
,1486.58628,4558
,1486.629477,5135
,1486.785946,9515
,1487.483336,4948
,1487.483336,5888
,1488.295062,7054
,1489.99297,4300
,1490.210095,4931
,1492.794412,10058
,1494.791868,5074
,1498.797927,5994
,1499.688099,6577
,1503.784655,4831
,1504.822332,7085
,1504.822332,4116
,1506.798869,4518
,1507.601468,4538
,1508.798615,11092
,1509.298731,5505
,1511.800858,5819
,1511.846398,2664
,1511.846398,2813
,1512.299066,5939
,1515.804378,9053
,1519.810855,4604
,1521.809477,11745
,1523.013303,4858
,1524.808698,10616
,1527.311434,5950
,1527.472121,4053
,1530.819333,8968
,1531.485671,4115
,1534.484213,6152
,1534.82489,8702
,1535.706294,6361
,1536.693903,4839
,1540.82492,6913
,1541.708317,4350
,1542.421818,5381
,1542.823111,5059
,1544.940207,4253
,1545.81609,4648
,1548.826946,5555
,1550.625208,4341
,1557.831132,7700
,1558.629441,4225
,1561.105294,4445
,1561.873928,47871
,1563.839124,8462
,1565.825143,5626
,1568.847266,4294
,1570.844624,10556
,1574.544669,9627
,1576.068383,4124
,1576.741897,5164
,1576.845565,6711
,1576.945885,5685
,1577.144131,4125
,1577.892488,101545
,1578.13902,5549
,1579.64551,6404
,1581.346804,5882
,1582.645094,16550
,1583.44763,28639
,1583.548213,13449
,1583.766049,11951
,1584.346738,21959
,1584.647687,14070
,1587.84878,8495
,1588.345981,4755
,1596.347176,7683
,1598.556394,7286
,1601.555698,5693
,1602.859063,11867
,1602.955829,7106
,1605.35802,6649
,1605.657909,6954
,1605.759102,6808
,1605.858684,9978
,1605.959469,6848
,1607.851294,10301
,1618.860707,5082
,1632.912698,209417
,1649.939025,180061
,1657.887015,10940
,1678.889152,3316
,1707.955644,9953
,1713.911996,2758
,1719.120593,5647
,1720.226933,3468
,1730.918164,6931
,1754.934548,7013
,1760.808874,15061
,1781.940805,8180
,1852.997037,54865
,1869.015761,63328
,1870.019491,11516
,1923.970142,4865
,1924.035028,415600
,1934.125697,165374
,1995.072102,706071
,2011.089885,64086
,2113.136621,5122
,2119.178383,7896
,2121.136596,6147
,2123.131893,70857
,2130.210973,144927
,2139.14721,68497
,2146.197666,9801
,2214.141669,3223
,2238.22203,14608
,2245.236033,170465
,2259.23117,2539
,2261.249011,8795
,2275.211157,12424
,2277.256416,33974
,2288.216578,2667
,2296.262171,12030
,2299.210196,10250
,2301.208053,9809
,2345.272222,9194
,2346.271416,2223
,2347.299501,10234
,2348.261478,17105
,2348.298944,4012
,2349.265429,4200
,2374.284173,348632
,2377.325393,8010
,2391.310513,225631
,2397.202655,7326
,2411.286582,7373
,2414.285042,17065
,2414.311295,9417
,2415.269678,7139
,2421.824814,14301
,2432.318867,511873
,2468.313081,26227
,2473.349564,155325
,2479.308377,12349
,2482.311129,6572
,2483.29105,21284
,2483.316367,4931
,2490.377559,149210
,2517.351428,258339
,2523.323564,8012
,2525.320691,6044
,2526.321467,11003
,2530.369274,102999
,2588.394788,43777
,2662.420193,11563
,2664.421408,40483
,2666.402442,42603
,2667.41401,7988
,2679.437153,27647
,2696.40806,4525
,2716.435473,60221
,2723.43878,47048
,2726.372098,31013
,2733.46304,29146
,2738.494439,9723
,2738.933921,5000
,2793.475549,204265
,2921.56029,278887
,2956.574171,21138
,2978.58337,68194
,2982.359994,4561
,2984.412069,5530
,2993.61058,107104
,3017.615727,21909
,3035.6244,365789
,3095.666921,4239
,3096.671875,4561
,3107.329597,8485
,3113.679841,376779
,3125.651983,235761
,3130.715334,29415
,3141.670791,153940
,3143.67302,2823
,3143.691403,13479
,3148.712106,17266
,3157.873038,7603
,3181.70092,24640
,3225.389555,6701
,3226.715572,6903
,3226.766829,571158
,3262.711663,317013
,3278.730098,108185
,3316.818882,3162
,3339.849808,992062
,3356.874112,17070
,3399.766832,75786
,3415.785127,70036
,3419.89754,16774
,3438.919039,1381764
,3455.947172,72089
,3460.746858,33026
,3460.895344,4036
,3461.001299,2122
,3462.903472,3904
,3468.891904,24322
,3486.821576,74130
,3504.876738,7377
,3519.97991,23811
,3536.51587,8035
,3537.685729,2701
,3537.813725,15725
,3537.843829,6145
,3537.86736,24061
,3537.923949,6704
,3537.988825,1325131
,3538.212433,7785
,3555.012813,112924
,3583.887916,58489
,3584.926258,23318
,3587.919491,19128
,3598.907719,35654
,3599.886379,2566
,3600.922121,7176
,3614.02144,22184
,3672.902526,40904
,3701.045298,117324
,3701.057633,305374
,3723.026019,3564
,3752.989165,12140
,3796.956177,3655
,3798.095761,10835
,3801.985392,134226
,3815.123994,15969
,3901.055821,158843
,3907.544081,10207
,3909.275858,7299
,3929.58112,5697
,3994.116684,14926
,3998.118241,22470
,4000.208249,4167
,4014.135259,21937
,4085.227827,3220
,4095.63533,5269
,4102.264483,32414
,4158.087185,1878
,4209.08043,3932
,4211.226335,143023
,4230.314252,37830
,4252.308403,62135
,4268.258836,61151
,4299.264691,2002
,4299.271281,1706
,4299.285491,3637
,4303.282154,6097
,4342.402964,18664
,4369.393325,170104
,4376.282468,5570
,4381.331809,25393
,4386.417287,77572
,4426.097378,2638
,4440.018574,3559
,4488.474199,10495
,4494.400596,46470
,4504.465899,13700
,4516.461735,267663
,4594.459214,21310
,4632.569962,20333
,4643.021562,3640
,4650.531932,74991
,4663.533015,250654
,4665.782069,2941
,4680.555361,31707
,4694.513664,10287
,4765.590166,86234
,4792.490397,7435
,4792.57546,377291
,4809.595015,107534
,4814.394248,3478
,4814.55516,21347
,4831.613977,16196
,4843.585839,8637
,4844.577762,1493
,4850.588447,16462
,4861.594723,195224
,4879.603706,194632
,4889.751526,14663
,4895.633343,12557
,4897.633605,13358
,4901.58467,23214
,4911.639729,147040
,4912.650257,96324
,4927.653969,24550
,4948.596728,2849
,4970.600702,5974
,4998.681785,17413
,5008.661322,171504
,5026.683495,60368
,5041.697792,35708
,5059.185808,17325
,5059.687306,19634
,5063.68394,3986
,5064.670291,6078
,5065.702779,4470
,5073.698369,5641
,5078.650513,3057
,5083.695181,85838
,5100.753542,9665
,5101.732628,3984
,5104.672092,2279
,5105.808157,28610
,5106.676192,11309
,5153.750319,408855
,5176.696433,120525
,5180.707205,52512
,5198.730088,207542
,5220.703441,174706
,5251.277748,8805
,5252.786545,142291
,5267.749047,17092
,5292.776125,20704
,5311.641612,3200
,5311.729574,42661
,5311.803223,196066
,5316.29566,7292
,5318.651228,3725
,5333.789731,51665
,5335.493378,7536
,5339.496677,28491
,5351.827997,148338
,5362.817341,13794
,5368.853941,21825
,5370.093047,4890
,5378.822149,7099
,5380.823197,57013
,5393.836291,5360
,5397.843115,21023
,5420.823713,34578
,5436.890332,12724
,5437.842183,6292
,5453.867076,14804
,5463.863932,29334
,5465.366345,2105
,5469.9308,2685
,5475.866228,4629
,5481.875459,92198
,5488.893991,23764
,5521.899484,57185
,5539.075535,2583
,5582.421467,4403
,5615.963629,6374
,5618.997402,10672
,5730.052554,20124
,5746.066002,51236
,5774.541613,3052
,5842.140523,6197
,5845.09669,85206
,5861.12001,16288
,5897.086109,4115
,5899.087335,16222
,5915.138066,45479
,5921.08697,11991
,5964.120247,50930
,5974.121247,17150
,6003.016074,2535
,6086.163715,22385
,6087.178306,15253
,6101.180853,57472
,6213.266887,9395
,6214.255628,45490
,6219.23444,7240
,6298.2719,5850
,6316.300471,39812
,6343.312673,4472
,6384.356815,3369
,6414.325219,22942
,6425.320047,14120
,6426.354845,35385
,6429.334999,2897
,6429.362539,16441
,6430.336216,26633
,6450.330453,12515
,6480.359675,4702
,6481.420603,6279
,6490.563391,39370
,6525.408084,6000
,6525.422737,81157
,6542.42586,5363
,6543.399073,3190
,6547.461762,11962
,6566.42625,6666
,6630.465828,48575
,6644.488097,46479
,6648.621014,17475
,6653.521617,101360
,6699.505981,98090
,6715.508987,22285
,6724.579478,151162
,6817.66022,22180
,6844.641075,3957
,6845.603556,4150
,6847.564503,64984
,6861.627164,220069
,6862.645771,8139
,6884.607112,11761
,6904.634859,4424
,6918.647389,178846
,6919.187893,29745
,6941.613073,11596
,6948.591422,27321
,6954.157683,7766
,7002.700087,5078
,7004.66592,28924
,7004.685099,6232
,7004.74617,5037
,7020.647342,39886
,7047.749963,15166
,7068.728607,7911
,7068.751083,16922
,7072.793953,3270
,7073.773158,5985
,7113.733291,4161
,7114.768042,3995
,7132.774223,12342
,7133.746852,17320
,7153.63768,4693
,7175.837733,6420
,7246.828249,33287
,7262.815187,1910
,7263.860996,3549
,7265.796401,3448
,7273.900263,51440
,7296.880147,2450
,7315.873497,23124
,7319.80884,3764
,7342.848365,5598
,7345.861129,8540
,7359.850348,185546
,7360.884268,26899
,7386.968405,77595
,7393.925388,2023
,7408.955286,13643
,7411.885935,4278
,7425.41371,2315
,7434.909595,6533
,7444.011586,41334
,7446.958075,3022
,7464.996105,4843
,7474.883423,95746
,7477.900586,8284
,7515.048157,32254
,7520.927,4849
,7535.94221,2149
,7543.732812,3158
,7587.972143,64299
,7604.010302,7568
,7662.114487,4790
,7670.382106,3649
,7725.001538,20231
,7733.91339,7353
,7741.047085,40231
,7742.021785,1897
,7742.021785,3171
,7750.165551,9831
,7810.093267,22890
,7844.150514,6241
,7862.964445,3566
,7863.174889,18368
,7864.151582,26807
,7869.128301,7107
,7880.110195,7548
,7886.18976,8034
,7898.12607,24457
,7926.159564,9298
,7944.026762,36345
,7967.201738,79903
,7982.177936,52501
,7987.221529,6843
,7992.726485,4048
,8008.710478,4591
,8032.153664,22577
,8075.075103,11818
,8081.20415,26682
,8105.328638,6954
,8144.04486,6377
,8145.050287,7190
,8168.243369,5909
,8242.373722,10572
,8243.389992,34455
,8315.332368,39329
,8331.335141,10025
,8355.470404,66413
,8357.227753,11347
,8358.242628,5214
,8378.456736,10870
,8387.354694,13873
,8401.362744,26847
,8427.505134,4152
,8443.382707,68037
,8444.383645,18162
,8454.489315,7619
,8455.502493,2913
,8459.369982,17378
,8470.510314,154328
,8472.522678,5163
,8492.49674,13079
,8519.835189,3501
,8553.433298,4884
,8557.453001,48392
,8572.45503,3590
,8585.589343,11712
,8641.745053,1629
,8655.504786,2296
,8671.521919,5153
,8698.663809,23037
,8766.137261,3265
,8783.645705,35520
,8800.638986,50577
,8825.72159,6470
,8867.697239,2628
,8868.711012,5039
,8883.801964,6839
,8900.708793,2512
,8912.714419,80593
,8926.736602,26294
,8953.733788,9809
,8953.737857,2525
,8969.706541,149691
,8983.794486,6180
,8985.779059,9532
,8986.789466,3286
,9062.784275,5440
,9106.796423,91870
,9121.835745,3288
,9130.820584,33353
,9156.84876,2714
,9157.899574,15762
,9176.744382,97386
,9260.988325,10235
,9304.951195,93042
,9306.024994,4237
,9321.848987,3704
,9403.948631,32537
,9405.993165,10158
,9560.571979,10318
,9562.034829,4670
,9644.150079,3477
,9656.915347,2814
,9658.945141,4824
,9694.994117,3391
,9697.970624,2251
,9744.177164,17188
,9745.184721,13309
,9745.212067,4547
,9774.518501,4083
,9800.13895,5528
,9815.186942,9119
,9883.24791,4892
,9923.132887,3396
,9927.206576,2969
,9930.206188,4930
,9931.25762,5435
,9947.246209,3262
,9947.248278,20213
,9986.262838,17603
,10016.14022,2070
,10046.37923,20170
,10100.25978,2694
,10174.36806,4815
,10192.37522,11971
,10232.37781,12671
,10309.35158,1689
,10311.22541,3748
,10311.41775,19602
,10313.41811,3719
,10328.41932,6521
,10328.84444,5007
,10328.91414,19433
,10328.91414,14852
,10329.06631,23585
,10329.07203,15305
,10329.13069,3005
,10329.26017,4115
,10329.42812,972228
,10329.81184,11157
,10329.81184,11966
,10329.90233,16221
,10329.98957,19659
,10329.98957,8685
,10329.98957,11706
,10329.98957,11083
,10331.43966,2185
,10343.4639,13537
,10348.5095,2697
,10350.47496,4305
,10351.44077,23048
,10386.49862,3827
,10412.44812,48082
,10429.78957,5628
,10429.87945,6193
,10429.87945,2002
,10429.95202,6963
,10429.96128,3099
,10430.02602,3451
,10430.06075,7121
,10430.10732,3891
,10430.16068,6280
,10430.47757,286976
,10447.48131,8656
,10454.47268,4115
,10462.19626,1733
,10463.77095,2287
,10464.45562,211598
,10477.51729,8477
,10479.488,17344
,10479.53807,12382
,10481.49583,84570
,10499.53026,25646
,10516.9712,11204
,10517.03725,16530
,10517.53754,606291
,10517.93534,10283
,10517.93534,15455
,10518.06166,15666
,10539.51099,15748
,10541.52705,2241
,10577.58757,22900
,10594.59993,17251
,10613.6518,3232
,10630.59494,6407
,10630.60866,8589
,10697.55725,9068
,10709.60145,22254
,10717.52733,3981
,10727.60115,6716
,10728.66768,4254
,10744.58262,13531
,10745.63107,68181
,10759.68903,4966
,10766.62067,10596
,10766.63683,70684
,10784.58469,16968
,10784.62857,17339
,10786.67314,4619
,10802.65867,205984
,10803.59644,21279
,10803.6502,12313
,10823.66511,5471
,10879.35396,1589
,10918.79701,48205
,10920.73293,5988
,10921.71136,4822
,10949.77765,29038
,11021.71967,33224
,11035.7043,24411
,11037.80469,5116
,11117.65411,10203
,11179.82636,18935
,11363.38072,3467
,11442.98099,4319
,11444.79295,5808
,11602.03602,20024
,11618.11185,1534
,11619.05506,12452
,11758.0581,3027
,11759.12352,4126
,11811.2026,3595
,11816.19038,3537
,11835.1532,6085
,11844.18763,24427
,11853.13058,4037
,11871.09785,12857
,11956.12147,1429
,11969.1483,2882
,11994.18272,6736
,12018.25271,3151
,12031.21715,20189
,12073.2131,16939
,12084.25066,22320
,12092.24931,123806
,12110.31545,94665
,12126.83011,19346
,12126.94067,14537
,12126.94067,18127
,12126.94067,16928
,12127.80051,14338
,12128.21647,3318
,12128.25579,626697
,12143.18461,14627
,12150.26448,23890
,12240.27216,2123
,12255.31221,21954
,12272.3545,8304
,12273.31251,2995
,12275.26079,8827
,12291.35668,127549
,12389.40516,8401
,12488.46663,9445
,12490.46127,5872
,12553.63996,2698
,12567.57518,10212
,12569.66773,4904
,12661.68561,11320
,12686.67543,2412
,12703.70114,6642
,12705.74362,6120
,12861.78531,3487
,12872.81954,2238
,12909.70767,22040
,12909.80438,3315
,12910.81912,4478
,12928.69667,13359
,12931.77074,1943
,13037.89736,12105
,13037.90565,2453
,13042.84974,8088
,13056.97016,4312
,13112.88635,10375
,13225.88308,2703
,13263.92191,3241
,13278.92966,1791
,13298.96445,18426
,13312.96812,2828
,13313.00528,6534
,13315.01629,5559
,13319.87672,13081
,13321.96583,1994
,13337.95098,16723
,13339.03758,4908
,13344.96803,1851
,13353.97157,5510
,13355.9517,59789
,13356.84083,3364
,13377.95585,21070
,13439.88393,2141
,13449.49505,3191
,13633.15736,2053
,13793.1905,3842
,13807.24691,2800
,13809.25783,2656
,13820.25565,6179
,13836.28659,14871
,13837.32731,6982
,13859.32354,5751
,13860.24929,3238
,13888.33197,3069
,13889.24026,2704
,13898.34484,2674
,13908.26481,20670
,14223.44738,2779
,14329.74041,1680
,14379.37957,2800
,14551.65209,8157
,14752.68557,2046
,14820.89788,4464
,14847.77729,2090
,14863.77511,6747
,14868.7961,3380
,14891.80933,9201
,14892.79614,12320
,14908.74469,65066
,15037.91218,6716
,15114.88657,3093
,15116.35309,2837
,15117.90984,129505
,15117.91707,3836
,15138.83604,13045
,15139.89164,19362
,15142.91597,4562
,15159.91435,8716
,15264.00236,3526
,15267.0532,11299
,15400.15274,1862
,15401.09903,3317
,15465.11603,12850
,15466.66597,2257
,15535.99184,5674
,15562.07272,2560
,15577.19521,15194
,15611.72556,1537
,15693.15109,2780
,15694.33198,4740
,15727.27094,15963
,15733.40027,3656
,15739.30645,5321
,15740.38056,7511
,15743.34014,16874
,15756.34291,16698
,15769.34165,114855
,15772.36072,3621
,15774.36748,4926
,15775.35648,22245
,15785.33608,6626
,15785.37549,213351
,15787.36976,5484
,15793.36639,60852
,15800.36053,17723
,15801.42852,28493
,15806.34955,12378
,15810.34876,11443
,15813.39023,256201
,15815.33554,1802
,15815.39076,6553
,15817.30204,2037
,15829.36589,565685
,15831.15601,4941
,15831.42184,50483
,15834.37425,119061
,15841.40493,4226
,15843.37122,3357
,15846.23082,3189
,15851.36802,156820
,15856.37655,3827
,15857.36205,18645
,15869.33955,3667
,15872.35,6156
,15974.42052,6340
,15974.47866,3955
,15988.43351,38688
,15992.46824,2094
,15994.44159,4618
,15996.48777,1749
,16001.49787,12672
,16004.45637,2625
,16006.34212,3724
,16009.45873,3476
,16016.47103,49356
,16023.47068,2626
,16028.46448,5766
,16032.3646,29349
,16034.53775,78509
,16048.47912,1942
,16048.51801,3781
,16054.47799,5642
,16055.43802,6316
,16056.49972,11805
,16603.17963,1872
,16925.00922,1942
,16999.73651,1941
,17180.83027,2038
,18044.80582,1723
,18726.93186,1721
,19450.49053,2072
,19795.96646,1792
,20439.50288,1507
,20601.59161,1368
,20656.33514,1982
,20658.50251,2750
,20831.56192,1509
,20924.56576,1659
,23967.75436,1496
,24245.0833,3714
,27275.42774,2439
