mut.site_N,WT.AA,diag.N.term.start,diag.N.term.end,diag.C.term.start,diag.C.term.end
1,V,1,10,146,146
2,H,2,62,145,146
3,L,3,13,144,146
4,T,4,11,143,146
5,P,5,35,142,146
6,E,6,21,141,146
7,E,7,21,140,146
8,K,8,16,139,146
9,S,9,43,138,146
10,A,10,12,137,146
11,V,11,17,136,145
12,T,12,37,135,142
13,A,13,26,134,136
14,L,14,27,133,143
15,W,15,36,132,146
16,G,16,23,131,146
17,K,17,58,130,138
18,V,18,19,129,135
19,N,19,56,128,146
20,V,20,22,127,128
21,D,21,46,126,146
22,E,22,25,125,139
23,V,23,32,124,126
24,G,24,28,123,130
25,G,25,28,122,130
26,E,26,42,121,124
27,A,27,52,120,133
28,L,28,30,119,132
29,G,29,45,118,121
30,R,30,39,117,146
31,L,31,47,116,118
32,L,32,47,115,118
33,V,33,53,114,123
34,V,34,53,113,113
35,Y,35,129,112,146
36,P,36,50,111,141
37,W,37,146,110,131
38,T,38,49,109,134
39,Q,39,126,108,146
40,R,40,103,107,116
41,F,41,44,106,146
42,F,42,44,105,146
43,E,43,89,104,120
44,S,44,48,103,137
45,F,45,70,102,104
46,G,46,55,101,117
47,D,47,51,100,125
48,L,48,67,99,114
49,S,49,71,98,102
50,T,50,83,97,108
51,P,51,57,96,110
52,D,52,72,95,99
53,A,53,61,94,119
54,V,54,59,93,112
55,M,55,146,92,146
56,G,56,63,91,100
57,N,57,79,90,127
58,P,58,99,89,95
59,K,59,60,88,129
60,V,60,66,87,92
61,K,61,64,86,87
62,A,62,69,85,93
63,H,63,76,84,144
64,G,64,68,83,90
65,K,65,81,82,85
66,K,66,81,81,85
67,V,67,97,80,86
68,L,68,74,79,98
69,G,69,73,78,82
70,A,70,75,77,84
71,F,71,84,76,101
72,S,72,88,75,97
73,D,73,78,74,94
74,G,74,82,73,77
75,L,75,77,72,78
76,A,76,85,71,76
77,H,77,91,70,83
78,L,78,80,69,71
79,D,79,93,68,73
80,N,80,101,67,89
81,L,81,87,66,68
82,K,82,94,65,80
83,G,83,106,64,72
84,T,84,86,63,96
85,F,85,102,62,75
86,A,86,114,61,70
87,T,87,122,60,62
88,L,88,90,59,65
89,S,89,146,58,74
90,E,90,100,57,103
91,L,91,95,56,58
92,H,92,96,55,69
93,C,93,111,54,146
94,D,94,98,53,67
95,K,95,119,52,64
96,L,96,104,51,55
97,H,97,115,50,54
98,V,98,108,49,79
99,D,99,146,48,52
100,P,100,123,47,88
101,E,101,120,46,56
102,N,102,107,45,66
103,F,103,117,44,61
104,R,104,146,43,106
105,L,105,109,42,50
106,L,106,109,41,50
107,G,107,118,40,63
108,N,108,138,39,44
109,V,109,110,38,48
110,L,110,113,37,40
111,V,111,112,36,37
112,C,112,146,35,53
113,V,113,125,34,35
114,L,114,140,33,36
115,A,115,127,32,60
116,H,116,142,31,49
117,H,117,142,30,49
118,F,118,121,29,43
119,G,119,135,28,39
120,K,120,131,27,51
121,E,121,146,26,45
122,F,122,146,25,28
123,T,123,146,24,59
124,P,124,146,23,46
125,P,125,146,22,46
126,V,126,132,21,33
127,Q,127,130,20,107
128,A,128,134,19,31
129,A,129,134,18,31
130,Y,130,144,17,111
131,Q,131,146,16,19
132,K,132,143,15,26
133,V,133,136,14,20
134,V,134,136,13,20
135,A,135,137,12,17
136,G,136,146,11,27
137,V,137,146,10,12
138,A,138,139,9,11
139,N,139,146,8,38
140,A,140,141,7,8
141,L,141,146,6,32
142,A,142,146,5,6
143,H,143,145,4,29
144,K,144,146,3,14
145,Y,145,146,2,16
146,H,146,146,1,3
