Fragments,Ion.type,Ion.num,Ref_Mass,Ref_rel_abun,Variant
b7,b,7,806.4043,1.848788151,HbA beta
b8,b,8,934.4993,6.939519259,HbA beta
b11,b,11,1191.6368,5.622086003,HbA beta
b14,b,14,1476.8057,7.124780594,HbA beta
b20,b,20,2160.1812,11.54036411,HbA beta
b22,b,22,2404.2507,29.59434636,HbA beta
b23,b,23,2503.3191,7.395848094,HbA beta
b24,b,24,2560.3406,2.484640523,HbA beta
b27,b,27,2817.4417,0.807203893,HbA beta
b30,b,30,3143.6484,17.58356973,HbA beta
b31,b,31,3256.7325,50.76682196,HbA beta
b32,b,32,3369.8165,78.28738893,HbA beta
b33,b,33,3468.8849,96.77500963,HbA beta
b34,b,34,3567.9533,100,HbA beta
b35,b,35,3731.0167,50.77534173,HbA beta
b40,b,40,4399.3561,13.06974815,HbA beta
b41,b,41,4546.4245,25.61979088,HbA beta
b42,b,42,4693.4929,29.09333224,HbA beta
b43,b,43,4822.5355,38.95678134,HbA beta
b45,b,45,5056.636,7.091570914,HbA beta
b46,b,46,5113.6574,4.810709166,HbA beta
b47,b,47,5228.6844,24.72530291,HbA beta
b48,b,48,5341.7685,14.49898154,HbA beta
b49,b,49,5428.8005,4.431145117,HbA beta
c5,c,5,565.3457,4.268748038,HbA beta
c7,c,7,823.4308,7.689171297,HbA beta
c8,c,8,951.5258,38.91461721,HbA beta
c9,c,9,1038.5578,10.77793243,HbA beta
c11,c,11,1208.6634,20.5200184,HbA beta
c12,c,12,1309.711,19.71733519,HbA beta
c13,c,13,1380.7482,3.75173764,HbA beta
c14,c,14,1493.8322,2.724497877,HbA beta
c15,c,15,1679.9115,4.161294725,HbA beta
c22,c,22,2421.2773,21.60846134,HbA beta
c33,c,33,3485.9115,4.209544393,HbA beta
c34,c,34,3584.9799,8.390312858,HbA beta
c36,c,36,3845.096,2.755186405,HbA beta
c39,c,39,4260.2816,3.189259537,HbA beta
c40,c,40,4416.3827,8.751185594,HbA beta
c42,c,42,4710.5195,2.77761598,HbA beta
c43,c,43,4839.5621,1.528253875,HbA beta
c44,c,44,4926.5941,1.562854537,HbA beta
c54,c,54,5929.0599,1.614494722,HbA beta
c56,c,56,6117.1219,8.568967031,HbA beta
c59,c,59,6456.3125,7.349684899,HbA beta
c60,c,60,6555.381,17.39996018,HbA beta
c61,c,61,6683.4759,12.25993617,HbA beta
c62,c,62,6754.513,0.994290891,HbA beta
c63,c,63,6891.5719,29.78152029,HbA beta
c64,c,64,6948.5934,19.7821897,HbA beta
c69,c,69,7473.9573,1.481829871,HbA beta
c72,c,72,7779.0948,2.451430842,HbA beta
c73,c,73,7894.1218,7.357161424,HbA beta
c80,c,80,8614.4773,2.404572156,HbA beta
c101,c,101,10948.6451,1.325779145,HbA beta
c111,c,111,12074.3109,1.929899754,HbA beta
y6,y,6,768.4151,2.225222492,HbA beta
y8,y,8,953.4952,6.051986191,HbA beta
y9,y,9,1024.5323,7.345772764,HbA beta
y11,y,11,1180.6222,8.952877897,HbA beta
y13,y,13,1350.7277,3.299581749,HbA beta
y14,y,14,1449.7961,2.161585093,HbA beta
y15,y,15,1577.8911,1.260489956,HbA beta
y22,y,22,2335.267,12.02581661,HbA beta
y23,y,23,2432.3197,25.89024983,HbA beta
y24,y,24,2533.3674,3.547437247,HbA beta
y29,y,29,3141.6633,1.801060102,HbA beta
y30,y,30,3278.7222,2.800654109,HbA beta
y31,y,31,3415.7811,1.090007798,HbA beta
y32,y,32,3486.8182,2.135156446,HbA beta
y36,y,36,3901.0483,7.784453523,HbA beta
y47,y,47,5153.7411,0.970296462,HbA beta
y48,y,48,5268.768,1.631968925,HbA beta
y49,y,49,5367.8364,1.776283246,HbA beta
y52,y,52,5746.0744,2.085341925,HbA beta
y53,y,53,5861.1013,1.425321252,HbA beta
y54,y,54,5964.1105,4.447315275,HbA beta
y56,y,56,6214.2535,1.02610959,HbA beta
y58,y,58,6430.3281,3.940041747,HbA beta
y60,y,60,6644.4598,3.355134069,HbA beta
y64,y,64,7020.6345,3.767473117,HbA beta
y81,y,81,8799.6024,3.29862545,HbA beta
y92,y,92,9947.2309,1.271270062,HbA beta
y97,y,97,10430.4638,12.2925373,HbA beta
y98,y,98,10517.4958,30.9983682,HbA beta
y99,y,99,10630.5799,2.84716505,HbA beta
y100,y,100,10745.6068,5.354322083,HbA beta
y101,y,101,10802.6283,14.88176223,HbA beta
y102,y,102,10949.6967,4.896689203,HbA beta
y112,y,112,12291.3109,7.403585428,HbA beta
y118,y,118,12928.7384,0.606728699,HbA beta
y123,y,123,13355.9451,4.502085168,HbA beta
z14,z,14,1433.7774,1.662570516,HbA beta
z15,z,15,1561.8723,0.676625514,HbA beta
z17,z,17,1852.9943,2.056826806,HbA beta
z18,z,18,1924.0314,17.84976879,HbA beta
z19,z,19,1995.0685,47.22581801,HbA beta
z24,z,24,2517.3487,17.27711914,HbA beta
z25,z,25,2664.4171,3.858060781,HbA beta
z26,z,26,2793.4597,16.60197154,HbA beta
z27,z,27,2921.5546,16.57241319,HbA beta
z28,z,28,2978.5761,2.741276591,HbA beta
z29,z,29,3125.6445,20.45568551,HbA beta
z33,z,33,3583.8835,5.057782237,HbA beta
z39,z,39,4211.2249,5.419524337,HbA beta
z40,z,40,4268.2464,3.663062576,HbA beta
z45,z,45,4911.627,5.07360465,HbA beta
z48,z,48,5252.7493,14.87654605,HbA beta
z49,z,49,5351.8177,16.0836571,HbA beta
z51,z,51,5601.9607,2.141502799,HbA beta
z52,z,52,5730.0556,3.798074708,HbA beta
z53,z,53,5845.0826,6.142834664,HbA beta
z58,z,58,6414.3094,2.729105503,HbA beta
z61,z,61,6699.4782,9.081978358,HbA beta
z64,z,64,7004.6158,3.224642626,HbA beta
z65,z,65,7132.7107,2.895501653,HbA beta
z66,z,66,7245.7948,4.361856856,HbA beta
z67,z,67,7359.8377,11.79673937,HbA beta
z68,z,68,7474.8647,13.18128747,HbA beta
z69,z,69,7587.9487,5.618173867,HbA beta
z73,z,73,7966.1503,0.747652502,HbA beta
z74,z,74,8081.1772,1.676741139,HbA beta
z77,z,77,8386.3148,0.991508928,HbA beta
z79,z,79,8556.4203,1.255447648,HbA beta
z81,z,81,8783.5837,3.775905942,HbA beta
z82,z,82,8911.6787,0.638460462,HbA beta
z83,z,83,8968.7001,19.09295842,HbA beta
z85,z,85,9176.7962,13.66743547,HbA beta
z86,z,86,9304.8911,7.763936547,HbA beta
z124,z,124,13438.9948,0.656717093,HbA beta
z138,z,138,14908.7463,12.9243906,HbA beta
